时间,交易类型,平均价,当前交易价,交易数量,交易金额,手续费,USDT,COIN,Net_Value
2018-02-13T14:33:00+00:00,In,0.03603,0.03603,0.0363,13774,499.9962,1.0,4499.00381,13774,4999.0000076
2018-02-13T14:39:00+00:00,In,0.03608,0.03604,0.0364,6179,224.9156,0.4498,4273.63838,19953,4999.9275764
2018-02-13T14:51:00+00:00,In,0.03621,0.03605,0.0364,5870,213.668,0.4273,4059.54304,25823,4999.500240400001
2018-02-13T15:03:00+00:00,Out,0.03629,0.03607,0.036,25823,929.628,1.8593,4987.31178,0,4987.311784400001
2018-02-13T16:21:00+00:00,In,0.03592,0.03591,0.0372,13406,498.7032,0.9974,4487.61118,13406,4986.314378000001
2018-02-13T16:27:00+00:00,In,0.03625,0.03598,0.0375,5983,224.3625,0.4487,4262.79995,19389,4989.887453
2018-02-13T16:57:00+00:00,In,0.03703,0.0363,0.0373,5714,213.1322,0.4263,4049.24149,25103,4985.583388600001
2018-02-13T17:03:00+00:00,In,0.03707,0.03642,0.0378,5356,202.4568,0.4049,3846.37978,30459,4997.729975000001
2018-02-13T17:09:00+00:00,In,0.03736,0.03659,0.0385,4995,192.3075,0.3846,3653.68766,35454,5018.666660000001
2018-02-13T17:15:00+00:00,In,0.03764,0.03677,0.0383,4769,182.6527,0.3653,3470.66965,40223,5011.2105546
2018-02-13T17:21:00+00:00,In,0.03791,0.03693,0.0382,4542,173.5044,0.347,3296.81825,44765,5006.8412458
2018-02-13T17:27:00+00:00,In,0.03805,0.03709,0.0385,4281,164.8185,0.3296,3131.67011,49046,5019.941108800001
2018-02-13T17:57:00+00:00,Out,0.03791,0.03765,0.0376,49046,1844.1296,3.6883,4972.11145,0,4972.111449600001
2018-02-13T20:27:00+00:00,In,0.03743,0.03742,0.0377,13188,497.1876,0.9944,4473.92947,13188,4971.117074400001
2018-02-13T20:39:00+00:00,Out,0.0375,0.03741,0.0374,13188,493.2312,0.9865,4966.17421,0,4966.174212000001
2018-02-13T23:57:00+00:00,In,0.03666,0.03657,0.0369,13458,496.6002,0.9932,4468.58081,13458,4965.181011600001
2018-02-14T00:03:00+00:00,In,0.03669,0.03659,0.0371,6022,223.4162,0.4468,4244.71778,19480,4967.425779200001
2018-02-14T00:09:00+00:00,In,0.03677,0.03661,0.037,5736,212.232,0.4245,4032.06132,25216,4965.053315200001
2018-02-14T00:21:00+00:00,Out,0.03683,0.03665,0.0366,25216,922.9056,1.8458,4953.1211,0,4953.121104000001
2018-02-14T00:51:00+00:00,In,0.03694,0.03682,0.0372,13314,495.2808,0.9906,4456.84974,13314,4952.1305424
2018-02-14T00:57:00+00:00,In,0.03704,0.03686,0.0373,5974,222.8302,0.4457,4233.57388,19288,4953.0162820000005
2018-02-14T01:03:00+00:00,In,0.03714,0.0369,0.0375,5644,211.65,0.4233,4021.50058,24932,4956.450582
2018-02-14T01:51:00+00:00,Out,0.03717,0.03714,0.0369,24932,919.9908,1.84,4939.6514,0,4939.651400400001
2018-02-14T03:33:00+00:00,In,0.03719,0.03706,0.0374,13207,493.9418,0.9879,4444.72172,13207,4938.663516800001
2018-02-14T03:51:00+00:00,Out,0.0372,0.03711,0.0371,13207,489.9797,0.98,4933.72146,0,4933.721457400001
2018-02-14T04:15:00+00:00,In,0.03731,0.03723,0.0376,13121,493.3496,0.9867,4439.38516,13121,4932.7347582
2018-02-14T04:21:00+00:00,In,0.0374,0.03727,0.0377,5887,221.9399,0.4439,4217.00138,19008,4933.6029784
2018-02-14T04:27:00+00:00,In,0.0375,0.03731,0.0377,5592,210.8184,0.4216,4005.76134,24600,4933.1813416
2018-02-14T05:33:00+00:00,Out,0.03768,0.03767,0.0376,24600,924.96,1.8499,4928.87142,0,4928.871421600001
2018-02-14T06:33:00+00:00,In,0.03775,0.03774,0.038,12970,492.86,0.9857,4435.0257,12970,4927.8857016
2018-02-14T06:51:00+00:00,Out,0.03782,0.03776,0.0377,12970,488.969,0.9779,4923.01676,0,4923.016763600001
2018-02-14T07:39:00+00:00,In,0.0378,0.03777,0.0382,12887,492.2834,0.9846,4429.7488,12887,4922.032196800001
2018-02-14T08:15:00+00:00,In,0.038,0.03784,0.0382,5798,221.4836,0.443,4207.82223,18685,4921.5892296
2018-02-14T08:39:00+00:00,Out,0.03795,0.03791,0.0378,18685,706.293,1.4126,4912.70264,0,4912.702643600001
2018-02-14T10:51:00+00:00,In,0.03757,0.03744,0.0379,12962,491.2598,0.9825,4420.46032,12962,4911.720124
2018-02-14T10:57:00+00:00,In,0.03764,0.03748,0.0379,5831,220.9949,0.442,4199.02343,18793,4911.278134200001
2018-02-14T11:21:00+00:00,In,0.03794,0.03762,0.0382,5496,209.9472,0.4199,3988.65634,24289,4916.4961398000005
2018-02-14T11:27:00+00:00,In,0.03816,0.03774,0.0395,5048,199.396,0.3988,3788.86155,29337,4947.6730478
2018-02-14T11:33:00+00:00,In,0.03855,0.03794,0.0401,4724,189.4324,0.3789,3599.05028,34061,4964.896383
2018-02-14T11:39:00+00:00,In,0.03911,0.03818,0.0411,4378,179.9358,0.3599,3418.75461,38439,4998.5975114
2018-02-14T11:45:00+00:00,In,0.03964,0.0384,0.0407,4199,170.8993,0.3418,3247.51351,42638,4982.8801128000005
2018-02-14T11:51:00+00:00,In,0.04017,0.03862,0.041,3960,162.36,0.3247,3084.82879,46598,4995.3467928
2018-02-14T12:15:00+00:00,In,0.04085,0.03948,0.0414,3725,154.215,0.3084,2930.30536,50323,5013.6775628
2018-02-14T12:21:00+00:00,In,0.04095,0.03971,0.0413,3547,146.4911,0.293,2783.52128,53870,5008.3522806
2018-02-14T12:27:00+00:00,In,0.04102,0.03994,0.0415,3353,139.1495,0.2783,2644.09348,57223,5018.8479816
2018-02-14T12:57:00+00:00,Out,0.04105,0.04089,0.0408,57223,2334.6984,4.6694,4974.12248,0,4974.1224848
2018-02-14T13:27:00+00:00,In,0.04118,0.04108,0.0415,11985,497.3775,0.9948,4475.75023,11985,4973.1277297999995
2018-02-14T13:45:00+00:00,Out,0.04137,0.04116,0.0411,11985,492.5835,0.9852,4967.34856,0,4967.3485628
2018-02-14T15:39:00+00:00,In,0.04022,0.04001,0.0408,12174,496.6992,0.9934,4469.65596,12174,4966.3551644
2018-02-14T16:21:00+00:00,In,0.0405,0.04022,0.0408,5477,223.4616,0.4469,4245.74744,17651,4965.908241200001
2018-02-14T16:33:00+00:00,Out,0.04044,0.04031,0.0403,17651,711.3353,1.4227,4955.66007,0,4955.6600706
2018-02-14T18:33:00+00:00,In,0.04007,0.04005,0.0403,12296,495.5288,0.9911,4459.14021,12296,4954.669013
2018-02-14T18:45:00+00:00,Out,0.04014,0.04001,0.04,12296,491.84,0.9837,4949.99653,0,4949.9965329999995
2018-02-14T19:09:00+00:00,In,0.04004,0.04002,0.0403,12282,494.9646,0.9899,4454.042,12282,4949.0066037999995
2018-02-14T19:15:00+00:00,In,0.04009,0.04006,0.0403,5526,222.6978,0.4454,4230.89881,17808,4948.5612082
2018-02-14T19:27:00+00:00,Out,0.04011,0.04008,0.0399,17808,710.5392,1.4211,4940.01693,0,4940.016929799999
2018-02-14T22:33:00+00:00,In,0.04009,0.03989,0.0404,12227,493.9708,0.9879,4445.05819,12227,4939.028988199999
2018-02-14T22:39:00+00:00,In,0.04015,0.03991,0.0404,5501,222.2404,0.4445,4222.37331,17728,4938.584507399998
2018-02-14T22:45:00+00:00,In,0.0402,0.03995,0.0404,5225,211.09,0.4222,4010.86113,22953,4938.1623273999985
2018-02-14T22:51:00+00:00,In,0.04025,0.03999,0.0405,4951,200.5155,0.401,3809.9446,27904,4940.056596399998
2018-02-14T22:57:00+00:00,In,0.04035,0.04005,0.0406,4692,190.4952,0.381,3619.06841,32596,4942.466005999999
2018-02-14T23:39:00+00:00,In,0.04049,0.04037,0.0407,4446,180.9522,0.3619,3437.7543,37042,4945.363701599998
2018-02-14T23:45:00+00:00,In,0.0406,0.04043,0.0411,4182,171.8802,0.3438,3265.53034,41224,4959.836741199999
2018-02-14T23:51:00+00:00,In,0.04071,0.0405,0.0412,3963,163.2756,0.3266,3101.92819,45187,4963.632589999998
2018-02-14T23:57:00+00:00,In,0.04085,0.04058,0.0411,3773,155.0703,0.3101,2946.54775,48960,4958.803749399998
2018-02-15T00:03:00+00:00,Out,0.04094,0.04063,0.0406,48960,1987.776,3.9756,4930.3482,0,4930.348197399998
2018-02-15T02:21:00+00:00,In,0.03998,0.03998,0.0404,12203,493.0012,0.986,4436.36099,12203,4929.362194999998
2018-02-15T02:27:00+00:00,In,0.0401,0.04001,0.0404,5490,221.796,0.4436,4214.1214,17693,4928.918602999998
2018-02-15T02:33:00+00:00,In,0.04023,0.04004,0.0406,5189,210.6734,0.4213,4003.02666,22882,4932.035856199998
2018-02-15T02:39:00+00:00,In,0.04037,0.04009,0.0407,4917,200.1219,0.4002,3802.50451,27799,4933.9238123999985
2018-02-15T02:45:00+00:00,In,0.04054,0.04015,0.0409,4648,190.1032,0.3802,3612.02111,32447,4939.103405999998
2018-02-15T02:51:00+00:00,In,0.04066,0.04023,0.0411,4394,180.5934,0.3612,3431.06652,36841,4945.231619199998
2018-02-15T02:57:00+00:00,In,0.04078,0.04029,0.0411,4174,171.5514,0.3431,3259.17202,41015,4944.8885163999985
2018-02-15T03:03:00+00:00,In,0.04088,0.04035,0.0411,3964,162.9204,0.3258,3095.92578,44979,4944.562675599998
2018-02-15T03:21:00+00:00,In,0.04108,0.04057,0.0414,3739,154.7946,0.3096,2940.82159,48718,4957.746786399998
2018-02-15T04:21:00+00:00,Out,0.04116,0.04112,0.0411,48718,2002.3098,4.0046,4939.12677,0,4939.126766799998
2018-02-15T04:39:00+00:00,In,0.04124,0.04117,0.0417,11844,493.8948,0.9878,4444.24418,11844,4938.138977199998
2018-02-15T04:45:00+00:00,In,0.04131,0.04121,0.0416,5341,222.1856,0.4444,4221.61421,17185,4936.510205999998
2018-02-15T04:51:00+00:00,In,0.04139,0.04124,0.0416,5074,211.0784,0.4222,4010.11365,22259,4936.088049199998
2018-02-15T05:09:00+00:00,Out,0.04148,0.04128,0.0412,22259,917.0708,1.8341,4925.35031,0,4925.350307599998
2018-02-15T07:15:00+00:00,In,0.04107,0.04104,0.0413,11925,492.5025,0.985,4431.8628,11925,4924.365302599997
2018-02-15T07:21:00+00:00,In,0.04113,0.04105,0.0414,5352,221.5728,0.4431,4209.84686,17277,4925.114656999997
2018-02-15T08:21:00+00:00,Out,0.04146,0.0413,0.0413,17277,713.5401,1.4271,4921.95988,0,4921.959876799998
2018-02-15T09:15:00+00:00,In,0.04146,0.04143,0.0417,11803,492.1851,0.9844,4428.79041,11803,4920.975506599997
2018-02-15T09:51:00+00:00,Out,0.0415,0.04145,0.0412,11803,486.2836,0.9726,4914.10144,0,4914.101439399998
2018-02-15T12:45:00+00:00,In,0.03952,0.03942,0.0399,12316,491.4084,0.9828,4421.71022,12316,4913.118622599998
2018-02-15T12:51:00+00:00,In,0.03962,0.03942,0.0399,5540,221.046,0.4421,4200.22213,17856,4912.676530599998
2018-02-15T13:27:00+00:00,In,0.03986,0.03962,0.0402,5224,210.0048,0.42,3989.79732,23080,4917.613320999998
2018-02-15T14:09:00+00:00,In,0.04002,0.03993,0.0403,4950,199.485,0.399,3789.91335,28030,4919.522350999999
2018-02-15T14:33:00+00:00,In,0.04026,0.04005,0.0405,4678,189.459,0.3789,3600.07543,32708,4924.749432999998
2018-02-15T15:03:00+00:00,In,0.04044,0.04023,0.0408,4411,179.9688,0.3599,3419.7467,37119,4934.201895399999
2018-02-15T15:51:00+00:00,Out,0.04062,0.04052,0.0404,37119,1499.6076,2.9992,4916.35508,0,4916.355080199998
2018-02-15T17:21:00+00:00,In,0.0405,0.04041,0.0409,12020,491.618,0.9832,4423.75384,12020,4915.371844199999
2018-02-15T17:27:00+00:00,In,0.04061,0.04043,0.041,5394,221.154,0.4423,4202.15754,17414,4916.131536199999
2018-02-15T17:33:00+00:00,In,0.04071,0.04046,0.041,5124,210.084,0.4202,3991.65337,22538,4915.711368199998
2018-02-15T18:15:00+00:00,In,0.04097,0.04076,0.0412,4844,199.5728,0.3991,3791.68142,27382,4919.819822599999
2018-02-15T18:45:00+00:00,Out,0.04117,0.04099,0.0409,27382,1119.9238,2.2398,4909.36537,0,4909.3653749999985
2018-02-15T20:21:00+00:00,In,0.04098,0.04089,0.0412,11915,490.898,0.9818,4417.48558,11915,4908.3835789999985
2018-02-15T20:27:00+00:00,Out,0.04095,0.04091,0.0408,11915,486.132,0.9723,4902.64531,0,4902.645314999998
2018-02-15T22:57:00+00:00,In,0.04076,0.04064,0.041,11957,490.237,0.9805,4411.42784,11957,4901.664840999998
2018-02-15T23:21:00+00:00,In,0.0411,0.04078,0.0414,5327,220.5378,0.4411,4190.44897,17284,4906.006565399998
2018-02-16T00:03:00+00:00,Out,0.04121,0.04109,0.041,17284,708.644,1.4173,4897.67568,0,4897.675677399998
2018-02-16T00:45:00+00:00,In,0.04136,0.04128,0.0416,11773,489.7568,0.9795,4406.93936,11773,4896.6961637999975
2018-02-16T00:51:00+00:00,In,0.04144,0.04131,0.0417,5284,220.3428,0.4407,4186.15588,17057,4897.432778199997
2018-02-16T00:57:00+00:00,In,0.04159,0.04136,0.0423,4948,209.3004,0.4186,3976.43688,22005,4907.2483773999975
2018-02-16T01:03:00+00:00,In,0.04189,0.04148,0.0433,4591,198.7903,0.3976,3777.249,26596,4928.855796799998
2018-02-16T01:09:00+00:00,In,0.04226,0.04163,0.0433,4361,188.8313,0.3777,3588.04003,30957,4928.478134199997
2018-02-16T01:15:00+00:00,In,0.04262,0.04176,0.0434,4133,179.3722,0.3587,3408.30909,35090,4931.215089799997
2018-02-16T02:03:00+00:00,In,0.04289,0.04258,0.0433,3935,170.3855,0.3408,3237.58282,39025,4927.365318799997
2018-02-16T02:09:00+00:00,In,0.04302,0.04272,0.0433,3738,161.8554,0.3237,3075.40371,42763,4927.041607999997
2018-02-16T02:21:00+00:00,Out,0.04299,0.0429,0.0427,42763,1825.9801,3.652,4897.73185,0,4897.731847799997
2018-02-16T05:45:00+00:00,In,0.04161,0.04149,0.042,11661,489.762,0.9795,4406.99032,11661,4896.752323799997
2018-02-16T06:21:00+00:00,Out,0.04165,0.04154,0.0415,11661,483.9315,0.9679,4889.95396,0,4889.953960799997
2018-02-16T08:51:00+00:00,In,0.04068,0.04057,0.0409,11955,488.9595,0.9779,4400.01654,11955,4888.976041799997
2018-02-16T09:27:00+00:00,In,0.04089,0.04068,0.0411,5352,219.9672,0.4399,4179.60941,17307,4890.927107399996
2018-02-16T09:33:00+00:00,In,0.04089,0.04072,0.0412,5072,208.9664,0.4179,3970.22507,22379,4892.239874599997
2018-02-16T10:09:00+00:00,Out,0.04095,0.0409,0.0407,22379,910.8253,1.8217,4879.22872,0,4879.228723999997
2018-02-16T11:57:00+00:00,In,0.04031,0.0403,0.0407,11988,487.9116,0.9758,4390.3413,11988,4878.252900799997
2018-02-16T12:03:00+00:00,In,0.04044,0.04032,0.0409,5367,219.5103,0.439,4170.39198,17355,4880.211480199997
2018-02-16T12:09:00+00:00,In,0.04059,0.04035,0.0409,5098,208.5082,0.417,3961.46676,22453,4879.794463799997
2018-02-16T12:15:00+00:00,In,0.04068,0.04038,0.0409,4842,198.0378,0.3961,3763.03289,27295,4879.3983881999975
2018-02-16T12:57:00+00:00,In,0.04099,0.04071,0.0412,4566,188.1192,0.3762,3574.53745,31861,4887.210649799998
2018-02-16T13:09:00+00:00,In,0.04107,0.04087,0.0414,4317,178.7238,0.3574,3395.4562,36178,4893.225402199997
2018-02-16T13:15:00+00:00,In,0.04117,0.04093,0.0414,4100,169.74,0.3395,3225.37672,40278,4892.885922199997
2018-02-16T13:21:00+00:00,In,0.04129,0.04101,0.0416,3876,161.2416,0.3225,3063.81264,44154,4900.619038999997
2018-02-16T13:27:00+00:00,In,0.04138,0.04107,0.0417,3673,153.1641,0.3063,2910.34221,47827,4904.728110799998
2018-02-16T14:21:00+00:00,Out,0.04138,0.04141,0.0414,47827,1980.0378,3.9601,4886.41994,0,4886.419935199998
2018-02-16T14:33:00+00:00,In,0.04152,0.04149,0.0419,11662,488.6378,0.9773,4396.80486,11662,4885.442659599998
2018-02-16T14:39:00+00:00,In,0.04173,0.04158,0.0428,5136,219.8208,0.4396,4176.54442,16798,4895.498817999997
2018-02-16T14:45:00+00:00,In,0.04202,0.04169,0.0429,4867,208.7943,0.4176,3967.33253,21665,4896.761029399998
2018-02-16T14:51:00+00:00,In,0.04235,0.0418,0.0433,4581,198.3573,0.3967,3768.57851,26246,4905.0303147999975
2018-02-16T14:57:00+00:00,In,0.04265,0.0419,0.043,4382,188.426,0.3769,3579.77566,30628,4896.779662799998
2018-02-16T16:03:00+00:00,Out,0.04292,0.04289,0.0427,30628,1307.8156,2.6156,4884.97563,0,4884.975631599998
2018-02-16T19:57:00+00:00,In,0.04232,0.04228,0.0426,11467,488.4942,0.977,4395.50444,11467,4883.998643199999
2018-02-16T20:03:00+00:00,In,0.04238,0.04233,0.0426,5159,219.7734,0.4395,4175.2915,16626,4883.559096399998
2018-02-16T21:33:00+00:00,Out,0.0427,0.04266,0.0426,16626,708.2676,1.4165,4882.14256,0,4882.142561199998
2018-02-16T22:39:00+00:00,In,0.04274,0.04269,0.043,11353,488.179,0.9764,4392.9872,11353,4881.166203199999
2018-02-16T22:57:00+00:00,In,0.04301,0.04276,0.0433,5072,219.6176,0.4392,4172.93037,16425,4884.132867999999
2018-02-16T23:09:00+00:00,In,0.0432,0.04285,0.0435,4796,208.626,0.4173,3963.88712,21221,4887.000615999998
2018-02-16T23:15:00+00:00,In,0.04329,0.04291,0.0436,4545,198.162,0.3963,3765.32879,25766,4888.726391999999
2018-02-16T23:21:00+00:00,In,0.04341,0.04298,0.0437,4308,188.2596,0.3765,3576.69267,30074,4890.926472799998
2018-02-16T23:27:00+00:00,In,0.04353,0.04306,0.0439,4073,178.8047,0.3576,3397.53036,34147,4896.583663399999
2018-02-16T23:33:00+00:00,In,0.04371,0.04317,0.0446,3808,169.8368,0.3397,3227.35389,37955,4920.1468897999985
2018-02-16T23:39:00+00:00,In,0.04388,0.04328,0.0444,3634,161.3496,0.3227,3065.68159,41589,4912.233190599998
2018-02-17T00:15:00+00:00,In,0.04417,0.04383,0.0444,3452,153.2688,0.3065,2912.10625,45041,4911.926652999999
2018-02-17T00:21:00+00:00,In,0.04422,0.04392,0.0445,3272,145.604,0.2912,2766.21104,48313,4916.139544999998
2018-02-17T00:39:00+00:00,Out,0.04431,0.04411,0.0441,48313,2130.6033,4.2612,4892.55314,0,4892.553138399999
2018-02-17T02:27:00+00:00,In,0.04422,0.04408,0.0446,10969,489.2174,0.9784,4402.3573,10969,4891.574703599999
2018-02-17T02:33:00+00:00,In,0.04431,0.04413,0.0446,4935,220.101,0.4402,4181.8161,15904,4891.134501599999
2018-02-17T02:39:00+00:00,In,0.04441,0.04418,0.0447,4677,209.0619,0.4181,3972.33608,20581,4892.306777799999
2018-02-17T02:57:00+00:00,Out,0.04446,0.04426,0.044,20581,905.564,1.8111,4876.08895,0,4876.088949799999
2018-02-17T04:15:00+00:00,In,0.04437,0.04432,0.0446,10932,487.5672,0.9751,4387.54662,10932,4875.113815399999
2018-02-17T04:45:00+00:00,Out,0.04452,0.04441,0.0444,10932,485.3808,0.9708,4871.95665,0,4871.956653799999
2018-02-17T06:09:00+00:00,In,0.04447,0.04444,0.0448,10874,487.1552,0.9743,4383.82714,10874,4870.982343399999
2018-02-17T06:45:00+00:00,In,0.04494,0.04462,0.0458,4785,219.153,0.4383,4164.23584,15659,4881.418037399999
2018-02-17T06:51:00+00:00,In,0.04518,0.04472,0.0461,4516,208.1876,0.4164,3955.63186,20175,4885.699362199998
2018-02-17T06:57:00+00:00,In,0.04548,0.04486,0.0467,4235,197.7745,0.3955,3757.46181,24410,4897.408813199999
2018-02-17T07:03:00+00:00,In,0.04581,0.04501,0.0464,4048,187.8272,0.3757,3569.25896,28458,4889.710158799999
2018-02-17T07:57:00+00:00,In,0.04605,0.04585,0.0463,3854,178.4402,0.3569,3390.46188,32312,4886.507478399999
2018-02-17T08:09:00+00:00,Out,0.04605,0.04601,0.0459,32312,1483.1208,2.9662,4870.61644,0,4870.616436799999
2018-02-17T08:21:00+00:00,In,0.04612,0.04609,0.0466,10451,487.0166,0.974,4382.6258,10451,4869.642403599999
2018-02-17T08:57:00+00:00,Out,0.04638,0.04619,0.0459,10451,479.7009,0.9594,4861.3673,0,4861.367301799999
2018-02-17T11:27:00+00:00,In,0.0449,0.04486,0.0452,10755,486.126,0.9723,4374.26905,10755,4860.3950497999995
2018-02-17T11:33:00+00:00,In,0.04501,0.04489,0.0455,4806,218.673,0.4373,4155.1587,15561,4863.184203799999
2018-02-17T12:03:00+00:00,Out,0.04528,0.04505,0.045,15561,700.245,1.4005,4854.00321,0,4854.003213799999
2018-02-17T12:09:00+00:00,In,0.04526,0.04507,0.0455,10668,485.394,0.9708,4367.63843,10668,4853.032425799999
2018-02-17T12:15:00+00:00,In,0.04533,0.04512,0.0456,4789,218.3784,0.4368,4148.82327,15457,4853.662468999999
2018-02-17T12:21:00+00:00,In,0.04536,0.04516,0.0456,4549,207.4344,0.4149,3940.974,20006,4853.2476001999985
2018-02-17T12:27:00+00:00,In,0.04541,0.04522,0.0457,4311,197.0127,0.394,3743.56727,24317,4854.854174799998
2018-02-17T12:57:00+00:00,Out,0.04555,0.04543,0.0454,24317,1103.9918,2.208,4845.35109,0,4845.351091199998
2018-02-17T14:15:00+00:00,In,0.04514,0.04512,0.0462,10487,484.4994,0.969,4359.88269,10487,4844.382092399998
2018-02-17T14:21:00+00:00,In,0.04529,0.04515,0.0461,4728,217.9608,0.4359,4141.48597,15215,4842.897470799999
2018-02-17T14:27:00+00:00,In,0.04549,0.04518,0.046,4501,207.046,0.4141,3934.02588,19716,4840.961878799999
2018-02-17T14:33:00+00:00,In,0.04583,0.04528,0.0474,4149,196.6626,0.3933,3736.96995,23865,4868.170953599999
2018-02-17T14:39:00+00:00,In,0.04629,0.04541,0.0473,3950,186.835,0.3737,3549.76128,27815,4865.4107835999985
2018-02-17T14:45:00+00:00,In,0.0466,0.04554,0.0469,3784,177.4696,0.3549,3371.93674,31599,4853.929844399999
2018-02-17T14:51:00+00:00,In,0.04684,0.04572,0.0474,3556,168.5544,0.3371,3203.04524,35155,4869.392235599999
2018-02-17T14:57:00+00:00,In,0.04709,0.04589,0.0475,3371,160.1225,0.3202,3042.60249,38526,4872.587490599999
2018-02-17T15:03:00+00:00,In,0.04737,0.04608,0.0478,3182,152.0996,0.3042,2890.19869,41708,4883.8410914
2018-02-17T15:39:00+00:00,In,0.04742,0.04703,0.0478,3023,144.4994,0.289,2745.41029,44731,4883.552092599999
2018-02-17T15:51:00+00:00,In,0.04761,0.04731,0.0482,2847,137.2254,0.2745,2607.91044,47578,4901.1700418
2018-02-17T15:57:00+00:00,In,0.04776,0.04746,0.0485,2688,130.368,0.2607,2477.28171,50266,4915.1827058
2018-02-17T16:33:00+00:00,In,0.04813,0.04784,0.0484,2559,123.8556,0.2477,2353.17839,52825,4909.908394599999
2018-02-17T16:45:00+00:00,In,0.04823,0.04795,0.0486,2420,117.612,0.2352,2235.33117,55245,4920.2381706
2018-02-17T16:51:00+00:00,In,0.04845,0.04808,0.0493,2267,111.7631,0.2235,2123.34454,57512,4958.686144399999
2018-02-17T16:57:00+00:00,In,0.04872,0.04822,0.0494,2149,106.1606,0.2123,2016.97162,59661,4964.2250232
2018-02-17T17:03:00+00:00,In,0.04907,0.04839,0.0503,2004,100.8012,0.2016,1915.96882,61665,5017.718320799999
2018-02-17T17:09:00+00:00,In,0.04948,0.04861,0.0509,1882,95.7938,0.1916,1819.98343,63547,5054.525733199999
2018-02-17T17:21:00+00:00,In,0.05013,0.04894,0.0508,1791,90.9828,0.182,1728.81867,65338,5047.9890675999995
2018-02-17T17:27:00+00:00,In,0.05034,0.0491,0.0509,1698,86.4282,0.1729,1642.21761,67036,5054.350011199999
2018-02-17T17:33:00+00:00,In,0.05059,0.04926,0.0509,1613,82.1017,0.1642,1559.95171,68649,5054.1858078
2018-02-17T17:39:00+00:00,In,0.05084,0.04951,0.0519,1502,77.9538,0.1559,1481.842,70151,5122.6789002
2018-02-17T17:45:00+00:00,In,0.05128,0.04984,0.0544,1361,74.0384,0.1481,1407.65552,71512,5297.908323399999
2018-02-17T17:51:00+00:00,In,0.05201,0.05023,0.0547,1286,70.3442,0.1407,1337.17063,72798,5319.221234999999
2018-02-17T17:57:00+00:00,In,0.05254,0.0506,0.0531,1259,66.8529,0.1337,1270.18403,74057,5202.610729199999
2018-02-17T18:03:00+00:00,In,0.05297,0.05092,0.0534,1189,63.4926,0.127,1206.56444,75246,5224.700843999999
2018-02-17T18:15:00+00:00,Out,0.05313,0.0514,0.0514,75246,3867.6444,7.7353,5066.47356,0,5066.473555199999
2018-02-17T18:39:00+00:00,In,0.052,0.052,0.0527,9613,506.6051,1.0132,4558.85524,9613,5065.460344999999
2018-02-17T18:51:00+00:00,Out,0.05202,0.05222,0.0519,9613,498.9147,0.9978,5056.77212,0,5056.772115599999
2018-02-17T21:09:00+00:00,In,0.05181,0.05149,0.0522,9687,505.6614,1.0113,4550.09939,9687,5055.760792799999
2018-02-17T21:15:00+00:00,In,0.05204,0.05159,0.0534,4260,227.484,0.455,4322.16042,13947,5066.9302247999985
2018-02-17T21:21:00+00:00,In,0.05238,0.05175,0.054,4002,216.108,0.4322,4105.62021,17949,5074.866208799998
2018-02-17T21:27:00+00:00,In,0.05268,0.05187,0.0531,3865,205.2315,0.4105,3899.97825,21814,5058.301645799998
2018-02-17T21:33:00+00:00,In,0.05301,0.05202,0.0537,3631,194.9847,0.39,3704.60358,25445,5071.000076399998
2018-02-17T22:03:00+00:00,Out,0.05309,0.05262,0.0526,25445,1338.407,2.6768,5040.33376,0,5040.333762399998
2018-02-17T23:39:00+00:00,In,0.05263,0.05245,0.0529,9528,504.0312,1.0081,4535.2945,9528,5039.3256999999985
2018-02-17T23:45:00+00:00,Out,0.05262,0.05247,0.0523,9528,498.3144,0.9966,5032.61227,0,5032.612271199998
2018-02-18T00:15:00+00:00,In,0.05254,0.05253,0.0531,9477,503.2287,1.0065,4528.37711,9477,5031.605813799997
2018-02-18T00:21:00+00:00,In,0.05274,0.05259,0.0535,4232,226.412,0.4528,4301.51229,13709,5034.943789799997
2018-02-18T00:27:00+00:00,In,0.05303,0.0527,0.0539,3990,215.061,0.4301,4086.02117,17699,5039.997267799998
2018-02-18T00:33:00+00:00,In,0.05336,0.05283,0.0543,3762,204.2766,0.4086,3881.33601,21461,5046.668314599998
2018-02-18T01:15:00+00:00,Out,0.05342,0.05322,0.0532,21461,1141.7252,2.2835,5020.77776,0,5020.777764199997
2018-02-18T04:57:00+00:00,In,0.04926,0.0492,0.0504,9961,502.0344,1.0041,4517.7393,9961,5019.773695399997
2018-02-18T05:03:00+00:00,In,0.04946,0.04923,0.0506,4464,225.8784,0.4518,4291.40914,14425,5021.314138599997
2018-02-18T05:09:00+00:00,In,0.04973,0.0493,0.0504,4257,214.5528,0.4291,4076.42723,18682,5018.0000329999975
2018-02-18T05:15:00+00:00,Out,0.04979,0.04926,0.0488,18682,911.6816,1.8234,4986.28547,0,4986.285469799997
2018-02-18T07:09:00+00:00,In,0.04736,0.04717,0.0476,10475,498.61,0.9972,4486.67825,10475,4985.288249799997
2018-02-18T07:15:00+00:00,In,0.04739,0.04725,0.0482,4654,224.3228,0.4486,4261.9068,15129,4991.1246041999975
2018-02-18T07:21:00+00:00,In,0.04749,0.04736,0.0482,4421,213.0922,0.4262,4048.38842,19550,4990.698419799997
2018-02-18T07:27:00+00:00,In,0.04765,0.04745,0.048,4217,202.416,0.4048,3845.56759,23767,4986.383587799997
2018-02-18T07:33:00+00:00,Out,0.04775,0.04757,0.0474,23767,1126.5558,2.2531,4969.87028,0,4969.8702761999975
2018-02-18T07:51:00+00:00,In,0.04788,0.04774,0.0482,10310,496.942,0.9939,4471.93439,10310,4968.876392199997
2018-02-18T07:57:00+00:00,In,0.04787,0.04774,0.0482,4638,223.5516,0.4471,4247.93569,14948,4968.429288999997
2018-02-18T08:27:00+00:00,Out,0.04792,0.0478,0.0477,14948,713.0196,1.426,4959.52925,0,4959.529249799997
2018-02-18T10:33:00+00:00,In,0.04554,0.04547,0.0462,10734,495.9108,0.9918,4462.62663,10734,4958.537428199997
2018-02-18T10:51:00+00:00,In,0.04601,0.0455,0.0467,4777,223.0859,0.4462,4239.09456,15511,4963.458256399997
2018-02-18T10:57:00+00:00,In,0.04621,0.04556,0.047,4509,211.923,0.4238,4026.74771,20020,4967.687710399997
2018-02-18T11:03:00+00:00,In,0.04638,0.04563,0.0467,4311,201.3237,0.4026,3825.02136,24331,4961.279062999996
2018-02-18T11:21:00+00:00,In,0.04684,0.04594,0.0474,4034,191.2116,0.3824,3633.42734,28365,4977.928339799997
2018-02-18T11:39:00+00:00,Out,0.04671,0.04633,0.0461,28365,1307.6265,2.6153,4938.43859,0,4938.438586799997
2018-02-18T12:57:00+00:00,In,0.04654,0.04641,0.0473,10440,493.812,0.9876,4443.63896,10440,4937.450962799997
2018-02-18T13:09:00+00:00,In,0.04694,0.04649,0.0478,4648,222.1744,0.4443,4221.02021,15088,4942.226613999997
2018-02-18T13:15:00+00:00,In,0.0473,0.04662,0.0485,4351,211.0235,0.422,4009.57467,19439,4952.366166999997
2018-02-18T13:21:00+00:00,In,0.04777,0.04681,0.0498,4025,200.445,0.4009,3808.72878,23464,4977.235976999998
2018-02-18T13:27:00+00:00,In,0.04814,0.04699,0.0492,3870,190.404,0.3808,3617.94397,27334,4962.776768999997
2018-02-18T13:33:00+00:00,In,0.04857,0.04719,0.0499,3625,180.8875,0.3618,3436.69469,30959,4981.5487939999975
2018-02-18T13:39:00+00:00,In,0.04907,0.04744,0.0498,3450,171.81,0.3436,3264.54107,34409,4978.109273999998
2018-02-18T13:45:00+00:00,In,0.04943,0.04767,0.05,3264,163.2,0.3264,3101.01467,37673,4984.664673999998
2018-02-18T14:09:00+00:00,In,0.04982,0.04863,0.0503,3082,155.0246,0.31,2945.68002,40755,4995.656524799997
2018-02-18T14:27:00+00:00,Out,0.04966,0.04916,0.0491,40755,2001.0705,4.0021,4942.74838,0,4942.748383799997
2018-02-18T15:03:00+00:00,In,0.04974,0.04971,0.0503,9826,494.2478,0.9885,4447.51209,9826,4941.7598881999975
2018-02-18T15:09:00+00:00,In,0.04999,0.04977,0.0513,4334,222.3342,0.4447,4224.73322,14160,4951.141219799998
2018-02-18T15:15:00+00:00,In,0.05027,0.04985,0.0511,4133,211.1963,0.4224,4013.11453,18293,4947.886827199997
2018-02-18T15:21:00+00:00,In,0.05054,0.04992,0.0509,3942,200.6478,0.4013,3812.06543,22235,4943.826931599998
2018-02-18T15:33:00+00:00,Out,0.05066,0.05002,0.05,22235,1111.75,2.2235,4921.59193,0,4921.591931599998
2018-02-18T18:03:00+00:00,In,0.04815,0.04803,0.0485,10147,492.1295,0.9843,4428.47817,10147,4920.607672599998
2018-02-18T18:15:00+00:00,Out,0.04819,0.04808,0.0479,10147,486.0413,0.9721,4913.54739,0,4913.547389999998
2018-02-18T18:33:00+00:00,In,0.04819,0.04818,0.0485,10131,491.3535,0.9827,4421.21118,10131,4912.564682999998
2018-02-18T18:51:00+00:00,In,0.04833,0.04822,0.0486,4548,221.0328,0.4421,4199.73632,14679,4913.135717399998
2018-02-18T19:03:00+00:00,In,0.04858,0.04829,0.0489,4294,209.9766,0.42,3989.33976,18973,4917.119464199997
2018-02-18T19:51:00+00:00,In,0.04875,0.0486,0.0491,4062,199.4442,0.3989,3789.49668,23035,4920.515175799997
2018-02-18T20:09:00+00:00,Out,0.04883,0.04871,0.0487,23035,1121.8045,2.2436,4909.05757,0,4909.057566799997
2018-02-19T01:15:00+00:00,In,0.04622,0.04608,0.047,10444,490.868,0.9817,4417.20783,10444,4908.075830799998
2018-02-19T01:21:00+00:00,In,0.04631,0.04612,0.0468,4719,220.8492,0.4417,4195.91693,15163,4905.545332399997
2018-02-19T01:27:00+00:00,In,0.04652,0.0462,0.0473,4435,209.7755,0.4196,3985.72188,19598,4912.707281399998
2018-02-19T01:33:00+00:00,In,0.04674,0.04631,0.0474,4204,199.2696,0.3985,3786.05374,23802,4914.268542199998
2018-02-19T01:39:00+00:00,In,0.04705,0.04643,0.0478,3960,189.288,0.3786,3596.38717,27762,4923.410766199997
2018-02-19T02:09:00+00:00,Out,0.04726,0.04683,0.0467,27762,1296.4854,2.593,4890.2796,0,4890.279595399998
2018-02-19T03:21:00+00:00,In,0.04664,0.04663,0.0469,10427,489.0263,0.9781,4400.27524,10427,4889.301542799998
2018-02-19T03:27:00+00:00,In,0.0468,0.04663,0.0472,4661,219.9992,0.44,4179.83604,15088,4891.989644399997
2018-02-19T03:57:00+00:00,Out,0.04671,0.04657,0.0464,15088,700.0832,1.4002,4878.51908,0,4878.5190779999975
2018-02-19T07:03:00+00:00,In,0.04607,0.04603,0.0464,10514,487.8496,0.9757,4389.69378,10514,4877.543378799997
2018-02-19T07:09:00+00:00,In,0.0462,0.04608,0.0468,4689,219.4452,0.4389,4169.80969,15203,4881.310088399998
2018-02-19T07:15:00+00:00,In,0.04631,0.04613,0.0466,4474,208.4884,0.417,3960.90431,19677,4877.852511599998
2018-02-19T07:21:00+00:00,In,0.04644,0.04618,0.0468,4231,198.0108,0.396,3762.49749,23908,4881.391889999998
2018-02-19T07:27:00+00:00,In,0.04668,0.04629,0.0476,3952,188.1152,0.3762,3574.00606,27860,4900.142059599998
2018-02-19T07:33:00+00:00,In,0.04695,0.0464,0.0477,3746,178.6842,0.3574,3394.96449,31606,4902.570691199998
2018-02-19T07:39:00+00:00,In,0.04722,0.0465,0.0481,3529,169.7449,0.3395,3224.8801,35135,4914.873601399998
2018-02-19T07:45:00+00:00,In,0.04743,0.04661,0.0478,3373,161.2294,0.3225,3063.32824,38508,4904.010642599998
2018-02-19T08:15:00+00:00,Out,0.04762,0.04712,0.0471,38508,1813.7268,3.6275,4873.42759,0,4873.427588999998
2018-02-19T09:57:00+00:00,In,0.04776,0.04772,0.0486,10027,487.3122,0.9746,4385.14076,10027,4872.452964599998
2018-02-19T10:03:00+00:00,In,0.04796,0.04778,0.0487,4502,219.2474,0.4385,4165.45487,14529,4873.017169799998
2018-02-19T10:09:00+00:00,In,0.04824,0.04785,0.0491,4241,208.2331,0.4165,3956.8053,18770,4878.412303599998
2018-02-19T10:15:00+00:00,In,0.04849,0.04792,0.049,4037,197.813,0.3956,3758.59668,22807,4876.139677599998
2018-02-19T10:57:00+00:00,Out,0.04862,0.04839,0.0483,22807,1101.5781,2.2032,4857.97162,0,4857.971621399998
2018-02-19T14:09:00+00:00,In,0.04821,0.0482,0.0485,10016,485.776,0.9716,4371.22407,10016,4857.000069399998
2018-02-19T14:27:00+00:00,Out,0.04832,0.04821,0.0481,10016,481.7696,0.9635,4852.03013,0,4852.030130199998
2018-02-19T15:21:00+00:00,In,0.04821,0.04821,0.0487,9963,485.1981,0.9704,4365.86163,9963,4851.059733999998
2018-02-19T15:27:00+00:00,In,0.04833,0.04825,0.0487,4482,218.2734,0.4365,4147.15169,14445,4850.623187199998
2018-02-19T15:39:00+00:00,Out,0.04848,0.04824,0.0481,14445,694.8045,1.3896,4840.56658,0,4840.566578199999
2018-02-19T16:33:00+00:00,In,0.04849,0.04844,0.0488,9919,484.0472,0.9681,4355.55128,9919,4839.598483799999
2018-02-19T16:39:00+00:00,In,0.04864,0.04852,0.0491,4435,217.7585,0.4355,4137.35727,14354,4842.138666799999
2018-02-19T16:45:00+00:00,In,0.04874,0.04857,0.049,4221,206.829,0.4137,3930.11461,18575,4840.289608799999
2018-02-19T16:51:00+00:00,In,0.04884,0.04859,0.0491,4002,196.4982,0.393,3733.22341,22577,4841.754112399999
2018-02-19T17:03:00+00:00,Out,0.04891,0.04859,0.0485,22577,1094.9845,2.19,4826.01794,0,4826.017943399998
2018-02-19T19:21:00+00:00,In,0.04746,0.04727,0.0477,10117,482.5809,0.9652,4342.47188,10117,4825.0527815999985
2018-02-19T20:03:00+00:00,Out,0.04754,0.04747,0.0473,10117,478.5341,0.9571,4820.04891,0,4820.048913399999
2018-02-20T00:21:00+00:00,In,0.04703,0.04688,0.0477,10104,481.9608,0.9639,4337.12419,10104,4819.0849917999985
2018-02-20T00:27:00+00:00,In,0.04726,0.04694,0.0479,4527,216.8433,0.4337,4119.84721,14631,4820.672105199998
2018-02-20T00:45:00+00:00,In,0.04784,0.04713,0.0481,4282,205.9642,0.4119,3913.47108,18913,4823.1863767999985
2018-02-20T01:33:00+00:00,Out,0.04771,0.04769,0.0475,18913,898.3675,1.7967,4810.04184,0,4810.041841799999
2018-02-20T05:45:00+00:00,In,0.04639,0.04617,0.0467,10299,480.9633,0.9619,4328.11662,10299,4809.079915199999
2018-02-20T06:39:00+00:00,Out,0.04654,0.04646,0.0463,10299,476.8437,0.9537,4804.00663,0,4804.006627799999
2018-02-20T10:33:00+00:00,In,0.04509,0.04506,0.0454,10581,480.3774,0.9608,4322.66847,10581,4803.045872999999
2018-02-20T10:39:00+00:00,In,0.04512,0.04505,0.0454,4760,216.104,0.4322,4106.13226,15341,4802.613664999998
2018-02-20T10:45:00+00:00,In,0.0452,0.04508,0.0455,4512,205.296,0.4106,3900.42567,19853,4803.737172999999
2018-02-20T11:39:00+00:00,In,0.0456,0.04542,0.0461,4230,195.003,0.39,3705.03267,24083,4815.258966999999
2018-02-20T11:45:00+00:00,In,0.04569,0.04549,0.0461,4018,185.2298,0.3705,3519.43241,28101,4814.888507399999
2018-02-20T11:51:00+00:00,In,0.04583,0.04557,0.0463,3800,175.94,0.3519,3343.14053,31901,4820.156827399999
2018-02-20T12:03:00+00:00,In,0.04607,0.04571,0.0463,3610,167.143,0.3343,3175.66324,35511,4819.822541399999
2018-02-20T12:09:00+00:00,In,0.04622,0.0458,0.0468,3392,158.7456,0.3175,3016.60015,38903,4837.260550199999
2018-02-20T12:15:00+00:00,In,0.0464,0.0459,0.047,3209,150.823,0.3016,2865.4755,42112,4844.739504199999
2018-02-20T12:21:00+00:00,In,0.04659,0.046,0.047,3048,143.256,0.2865,2721.93299,45160,4844.452992199998
2018-02-20T12:57:00+00:00,Out,0.04671,0.04646,0.0462,45160,2086.392,4.1728,4804.15221,0,4804.152208199999
2018-02-20T14:45:00+00:00,In,0.04641,0.04637,0.0467,10287,480.4029,0.9608,4322.7885,10287,4803.191402399999
2018-02-20T14:57:00+00:00,Out,0.04648,0.04641,0.0463,10287,476.2881,0.9526,4798.12403,0,4798.124026199999
2018-02-20T16:21:00+00:00,In,0.04607,0.04605,0.0465,10318,479.787,0.9596,4317.37745,10318,4797.1644522
2018-02-20T16:27:00+00:00,In,0.04621,0.04605,0.0465,4642,215.853,0.4317,4101.09275,14960,4796.732746199999
2018-02-20T16:33:00+00:00,Out,0.04627,0.04604,0.046,14960,688.16,1.3763,4787.87643,0,4787.876426199999
2018-02-20T22:03:00+00:00,In,0.04536,0.04528,0.0459,10431,478.7829,0.9576,4308.13596,10431,4786.918860399999
2018-02-20T22:09:00+00:00,In,0.04546,0.0453,0.0459,4692,215.3628,0.4307,4092.34243,15123,4786.488134799999
2018-02-20T22:33:00+00:00,Out,0.04563,0.04534,0.0451,15123,682.0473,1.3641,4773.02564,0,4773.025640199999
2018-02-21T01:27:00+00:00,In,0.0417,0.04149,0.042,11364,477.288,0.9546,4294.78306,11364,4772.0710641999995
2018-02-21T01:33:00+00:00,In,0.0417,0.04142,0.042,5112,214.704,0.4294,4079.64966,16476,4771.641656199999
2018-02-21T01:51:00+00:00,In,0.04196,0.04149,0.0427,4777,203.9779,0.408,3875.2638,21253,4782.766900399999
2018-02-21T02:03:00+00:00,Out,0.042,0.04165,0.0416,21253,884.1248,1.7682,4757.62035,0,4757.620350799999
2018-02-21T03:15:00+00:00,In,0.04175,0.04171,0.0423,11247,475.7481,0.9515,4280.92075,11247,4756.668854599999
2018-02-21T03:51:00+00:00,Out,0.04181,0.04171,0.0413,11247,464.5011,0.929,4744.49285,0,4744.492852399999
2018-02-21T06:27:00+00:00,In,0.0407,0.04066,0.0413,11487,474.4131,0.9488,4269.13093,11487,4743.544026199998
2018-02-21T06:33:00+00:00,In,0.04079,0.0407,0.0412,5180,213.416,0.4268,4055.28809,16667,4741.9684941999985
2018-02-21T07:03:00+00:00,In,0.04128,0.04085,0.0416,4874,202.7584,0.4055,3852.12418,21541,4748.229777399999
2018-02-21T07:39:00+00:00,In,0.04149,0.04124,0.0418,4607,192.5726,0.3851,3659.16643,26148,4752.152832199999
2018-02-21T07:45:00+00:00,In,0.04161,0.04135,0.0419,4366,182.9354,0.3659,3475.86516,30514,4754.401761399999
2018-02-21T08:33:00+00:00,Out,0.0417,0.04165,0.0415,30514,1266.331,2.5327,4739.6635,0,4739.663499399999
2018-02-21T09:39:00+00:00,In,0.04184,0.04168,0.0422,11231,473.9482,0.9479,4264.7674,11231,4738.715602999999
2018-02-21T10:21:00+00:00,Out,0.04197,0.04187,0.0418,11231,469.4558,0.9389,4733.28429,0,4733.284291399999
2018-02-21T11:27:00+00:00,In,0.04189,0.04182,0.0421,11242,473.2882,0.9466,4259.04952,11242,4732.337715
2018-02-21T11:33:00+00:00,In,0.04194,0.04182,0.0422,5046,212.9412,0.4259,4045.68243,16288,4733.0360326
2018-02-21T11:39:00+00:00,In,0.042,0.04183,0.0423,4782,202.2786,0.4046,3842.99928,21070,4734.2602754
2018-02-21T11:45:00+00:00,In,0.04217,0.04189,0.0428,4489,192.1292,0.3843,3650.48582,25559,4744.411016999999
2018-02-21T11:51:00+00:00,In,0.04233,0.04195,0.0428,4264,182.4992,0.365,3467.62162,29823,4744.0460186
2018-02-21T12:33:00+00:00,In,0.04243,0.04228,0.0429,4041,173.3589,0.3467,3293.916,33864,4746.6816008
2018-02-21T12:39:00+00:00,In,0.04258,0.04237,0.0435,3786,164.691,0.3294,3128.89562,37650,4766.6706188
2018-02-21T12:45:00+00:00,In,0.04269,0.04244,0.043,3638,156.434,0.3129,2972.14875,41288,4747.532750799999
2018-02-21T12:51:00+00:00,In,0.04288,0.04255,0.0438,3392,148.5696,0.2971,2823.28201,44680,4780.266011599999
2018-02-21T12:57:00+00:00,In,0.04305,0.04264,0.0435,3245,141.1575,0.2823,2681.8422,47925,4766.579696599999
2018-02-21T13:27:00+00:00,Out,0.04301,0.04282,0.042,47925,2012.85,4.0257,4690.6665,0,4690.666496599999
2018-02-21T18:03:00+00:00,In,0.03775,0.0377,0.0381,12311,469.0491,0.9381,4220.6793,12311,4689.728398399999
2018-02-21T18:09:00+00:00,In,0.03787,0.03776,0.0385,5481,211.0185,0.422,4009.23876,17792,4694.230761399998
2018-02-21T18:15:00+00:00,In,0.03801,0.03782,0.0385,5206,200.431,0.4009,3808.4069,22998,4693.829899399999
2018-02-21T18:21:00+00:00,In,0.03821,0.03793,0.0386,4933,190.4138,0.3808,3617.61227,27931,4695.748871799999
2018-02-21T18:27:00+00:00,In,0.03836,0.03802,0.0386,4686,180.8796,0.3618,3436.37091,32617,4695.387112599999
2018-02-21T18:45:00+00:00,In,0.03859,0.03817,0.0388,4428,171.8064,0.3436,3264.2209,37045,4701.566899799999
2018-02-21T18:57:00+00:00,Out,0.03856,0.03823,0.0381,37045,1411.4145,2.8228,4672.81257,0,4672.812570799999
2018-02-21T22:33:00+00:00,In,0.03733,0.03727,0.0384,12168,467.2512,0.9345,4204.62687,12168,4671.8780683999985
2018-02-21T22:39:00+00:00,In,0.03758,0.03734,0.0383,5489,210.2287,0.4205,3993.97771,17657,4670.240810999999
2018-02-21T22:45:00+00:00,In,0.03784,0.03742,0.0383,5214,199.6962,0.3994,3793.88212,22871,4669.841418599999
2018-02-21T22:51:00+00:00,In,0.03807,0.03751,0.0385,4927,189.6895,0.3794,3603.81324,27798,4674.036239599998
2018-02-21T22:57:00+00:00,In,0.03837,0.03759,0.0388,4644,180.1872,0.3604,3423.26567,32442,4682.015265199999
2018-02-21T23:09:00+00:00,In,0.03859,0.03775,0.0388,4411,171.1468,0.3423,3251.77657,36853,4681.672971599999
2018-02-21T23:39:00+00:00,Out,0.03853,0.03821,0.0381,36853,1404.0993,2.8082,4653.06767,0,4653.067672999999
2018-02-22T01:09:00+00:00,In,0.03819,0.03813,0.0386,12054,465.2844,0.9306,4186.8527,12054,4652.137104199999
2018-02-22T01:15:00+00:00,In,0.03832,0.03816,0.0387,5409,209.3283,0.4187,3977.10575,17463,4652.923847599999
2018-02-22T01:21:00+00:00,In,0.03854,0.03819,0.0392,5072,198.8224,0.3976,3777.8857,22535,4661.257702799999
2018-02-22T01:27:00+00:00,In,0.03874,0.03823,0.0393,4806,188.8758,0.3778,3588.63215,27341,4663.133451199999
2018-02-22T01:33:00+00:00,In,0.03888,0.03828,0.0391,4589,179.4299,0.3589,3408.84339,31930,4657.3063913999995
2018-02-22T01:39:00+00:00,In,0.03906,0.03836,0.0397,4293,170.4321,0.3409,3238.07043,36223,4676.1235271999985
2018-02-22T01:45:00+00:00,In,0.03925,0.03848,0.0397,4078,161.8966,0.3238,3075.85003,40301,4675.799733999998
2018-02-22T02:15:00+00:00,In,0.03974,0.0391,0.0401,3835,153.7835,0.3076,2921.75897,44136,4691.612566999998
2018-02-22T02:21:00+00:00,In,0.03981,0.03926,0.0403,3625,146.0875,0.2922,2775.37929,47761,4700.147591999999
2018-02-22T02:27:00+00:00,In,0.03997,0.03942,0.0406,3417,138.7302,0.2775,2636.37163,51178,4714.198431599998
2018-02-22T02:33:00+00:00,In,0.04024,0.03959,0.0412,3199,131.7988,0.2636,2504.30923,54377,4744.641633999999
2018-02-22T02:39:00+00:00,In,0.04046,0.03975,0.0407,3076,125.1932,0.2504,2378.86565,57453,4717.2027475999985
2018-02-22T03:09:00+00:00,Out,0.04036,0.04016,0.0399,57453,2292.3747,4.5847,4666.6556,0,4666.655598199998
2018-02-22T04:57:00+00:00,In,0.03996,0.03996,0.0405,11522,466.641,0.9333,4199.08132,11522,4665.722316199997
2018-02-22T05:03:00+00:00,In,0.04008,0.04,0.0404,5196,209.9184,0.4198,3988.74308,16718,4664.150279399997
2018-02-22T05:09:00+00:00,In,0.04023,0.04004,0.0408,4888,199.4304,0.3989,3788.91382,21606,4670.438618599997
2018-02-22T05:15:00+00:00,In,0.04046,0.04013,0.0412,4598,189.4376,0.3789,3599.09734,26204,4678.702143399997
2018-02-22T05:21:00+00:00,In,0.04073,0.04022,0.0414,4346,179.9244,0.3598,3418.81309,30550,4683.583094599997
2018-02-22T05:27:00+00:00,In,0.04096,0.0403,0.0412,4149,170.9388,0.3419,3247.53242,34699,4677.1312169999965
2018-02-22T05:33:00+00:00,In,0.04113,0.04037,0.0414,3922,162.3708,0.3247,3084.83688,38621,4683.746275399997
2018-02-22T06:15:00+00:00,Out,0.04098,0.04091,0.0409,38621,1579.5989,3.1592,4661.27658,0,4661.276577599997
2018-02-22T06:21:00+00:00,In,0.04107,0.04101,0.0417,11178,466.1226,0.9322,4194.22173,11178,4660.344332399996
2018-02-22T06:33:00+00:00,In,0.04124,0.04117,0.0418,5017,209.7106,0.4194,3984.09171,16195,4661.042711199996
2018-02-22T06:45:00+00:00,Out,0.04139,0.04125,0.041,16195,663.995,1.328,4646.75872,0,4646.758721199996
2018-02-22T11:21:00+00:00,In,0.03768,0.03763,0.0379,12260,464.654,0.9293,4181.17541,12260,4645.829413199996
2018-02-22T11:27:00+00:00,In,0.03779,0.03761,0.038,5501,209.038,0.4181,3971.71934,17761,4646.637337199996
2018-02-22T11:39:00+00:00,In,0.03789,0.03763,0.0381,5212,198.5772,0.3972,3772.74498,22973,4648.016282799997
2018-02-22T11:45:00+00:00,In,0.03796,0.0377,0.0383,4925,188.6275,0.3773,3583.74023,27898,4652.233627799997
2018-02-22T11:51:00+00:00,In,0.03811,0.03779,0.0386,4642,179.1812,0.3584,3404.20067,32540,4660.244665399996
2018-02-22T11:57:00+00:00,In,0.03823,0.03787,0.0386,4409,170.1874,0.3404,3233.67289,36949,4659.904290599996
2018-02-22T12:27:00+00:00,Out,0.0384,0.03814,0.0379,36949,1400.3671,2.8007,4631.23926,0,4631.2392563999965
2018-02-22T14:21:00+00:00,In,0.03591,0.03578,0.0363,12758,463.1154,0.9262,4167.19763,12758,4630.313025599996
2018-02-22T14:33:00+00:00,Out,0.03609,0.03576,0.0356,12758,454.1848,0.9084,4620.47406,0,4620.474055999996
2018-02-22T15:21:00+00:00,In,0.03584,0.03583,0.0362,12763,462.0206,0.924,4157.52941,12763,4619.5500147999965
2018-02-22T15:27:00+00:00,In,0.03604,0.03589,0.0363,5726,207.8538,0.4157,3949.25991,18489,4620.410607199997
2018-02-22T15:33:00+00:00,In,0.03626,0.03596,0.0366,5395,197.457,0.3949,3751.40799,23884,4625.562393199997
2018-02-22T15:39:00+00:00,In,0.03639,0.036,0.0368,5097,187.5696,0.3751,3563.46325,28981,4629.964053999996
2018-02-22T15:51:00+00:00,In,0.03657,0.03607,0.0371,4802,178.1542,0.3563,3384.95275,33783,4638.302045599997
2018-02-22T15:57:00+00:00,In,0.03671,0.03611,0.0369,4586,169.2234,0.3384,3215.3909,38369,4631.206998799997
2018-02-22T16:03:00+00:00,In,0.03678,0.03617,0.037,4345,160.765,0.3215,3054.30437,42714,4634.722368799997
2018-02-22T16:09:00+00:00,Out,0.03671,0.03623,0.036,42714,1537.704,3.0754,4588.93296,0,4588.932960799997
2018-02-22T18:33:00+00:00,In,0.03561,0.03559,0.0359,12782,458.8738,0.9177,4129.14141,12782,4588.015213199998
2018-02-22T18:39:00+00:00,In,0.03569,0.03559,0.036,5734,206.424,0.4128,3922.30457,18516,4588.880565199997
2018-02-22T18:45:00+00:00,In,0.03579,0.03561,0.0361,5432,196.0952,0.3922,3725.81717,23948,4590.339974799997
2018-02-22T18:51:00+00:00,In,0.03592,0.03562,0.0363,5131,186.2553,0.3725,3539.18936,29079,4594.757064199997
2018-02-22T18:57:00+00:00,In,0.03606,0.03565,0.0363,4874,176.9262,0.3539,3361.90931,33953,4594.403211799998
2018-02-22T19:27:00+00:00,Out,0.03597,0.03584,0.0358,33953,1215.5174,2.431,4574.99568,0,4574.995676999997
2018-02-22T19:57:00+00:00,In,0.03604,0.03602,0.0364,12568,457.4752,0.915,4116.60553,12568,4574.0807265999965
2018-02-22T20:45:00+00:00,In,0.03643,0.0362,0.0368,5593,205.8224,0.4116,3910.37148,18161,4578.6962817999965
2018-02-22T20:51:00+00:00,In,0.03653,0.03627,0.0369,5298,195.4962,0.391,3714.48429,23459,4580.121389399997
2018-02-22T20:57:00+00:00,In,0.03663,0.03633,0.0369,5033,185.7177,0.3714,3528.39515,28492,4579.749953999997
2018-02-22T21:27:00+00:00,Out,0.03676,0.03657,0.0364,28492,1037.1088,2.0742,4563.42974,0,4563.429736399997
2018-02-22T22:57:00+00:00,In,0.03609,0.03604,0.0363,12571,456.3273,0.9127,4106.18978,12571,4562.517081799997
2018-02-22T23:09:00+00:00,In,0.03624,0.03606,0.0366,5609,205.2894,0.4106,3900.4898,18180,4565.877802999998
2018-02-22T23:57:00+00:00,Out,0.03619,0.03619,0.0358,18180,650.844,1.3017,4550.03211,0,4550.032114999997
2018-02-23T01:45:00+00:00,In,0.03457,0.03453,0.0348,13074,454.9752,0.91,4094.14696,13074,4549.122164599998
2018-02-23T01:51:00+00:00,In,0.03468,0.03453,0.0349,5865,204.6885,0.4094,3889.04909,18939,4550.020187599997
2018-02-23T01:57:00+00:00,In,0.0348,0.03455,0.035,5555,194.425,0.3889,3694.23524,24494,4551.525237599997
2018-02-23T02:15:00+00:00,Out,0.03482,0.0346,0.0346,24494,847.4924,1.695,4540.03265,0,4540.032652799997
2018-02-23T02:21:00+00:00,In,0.03488,0.03465,0.0353,12861,453.9933,0.908,4085.13137,12861,4539.124666199997
2018-02-23T02:27:00+00:00,In,0.03493,0.0347,0.0353,5786,204.2458,0.4085,3880.47707,18647,4538.716174599997
2018-02-23T02:33:00+00:00,In,0.03497,0.03475,0.0353,5496,194.0088,0.388,3686.08026,24143,4538.328156999997
2018-02-23T02:39:00+00:00,In,0.03509,0.03482,0.0355,5191,184.2805,0.3686,3501.4312,29334,4542.788195999998
2018-02-23T02:45:00+00:00,In,0.03526,0.0349,0.0357,4903,175.0371,0.3501,3326.04402,34237,4548.304921799997
2018-02-23T02:51:00+00:00,In,0.03543,0.03499,0.0357,4658,166.2906,0.3326,3159.42084,38895,4547.972340599998
2018-02-23T02:57:00+00:00,In,0.03551,0.03508,0.0358,4412,157.9496,0.3159,3001.15534,43307,4551.545941399997
2018-02-23T03:09:00+00:00,Out,0.03556,0.03519,0.035,43307,1515.745,3.0315,4513.86885,0,4513.868851399997
2018-02-23T03:57:00+00:00,In,0.03564,0.03551,0.0369,12232,451.3608,0.9027,4061.60533,12232,4512.966129799997
2018-02-23T04:03:00+00:00,In,0.03598,0.03563,0.0373,5444,203.0612,0.4061,3858.13801,17676,4517.452807399997
2018-02-23T04:09:00+00:00,In,0.0364,0.03578,0.0376,5130,192.888,0.3858,3664.86423,22806,4522.369831399998
2018-02-23T04:15:00+00:00,In,0.03676,0.03589,0.0372,4925,183.21,0.3664,3481.28781,27731,4512.881011399997
2018-02-23T04:21:00+00:00,In,0.0371,0.036,0.0374,4654,174.0596,0.3481,3306.88009,32385,4518.079092199998
2018-02-23T05:03:00+00:00,Out,0.03676,0.03666,0.0366,32385,1185.291,2.3706,4489.80051,0,4489.800510199997
2018-02-23T05:39:00+00:00,In,0.03704,0.037,0.0376,11940,448.944,0.8979,4039.95862,11940,4488.9026221999975
2018-02-23T05:45:00+00:00,In,0.03715,0.037,0.0374,5401,201.9974,0.404,3837.55723,17341,4486.110627399997
2018-02-23T05:57:00+00:00,Out,0.03728,0.03699,0.0367,17341,636.4147,1.2728,4472.6991,0,4472.699097999997
2018-02-23T08:09:00+00:00,In,0.03646,0.03643,0.0368,12154,447.2672,0.8945,4024.53736,12154,4471.804563599997
2018-02-23T08:51:00+00:00,In,0.03675,0.03654,0.037,5438,201.206,0.4024,3822.92895,17592,4473.832951599998
2018-02-23T09:03:00+00:00,In,0.0369,0.03665,0.0371,5152,191.1392,0.3823,3631.40747,22744,4475.209873199998
2018-02-23T09:09:00+00:00,In,0.037,0.03672,0.0374,4854,181.5396,0.3631,3449.50479,27598,4481.669993999997
2018-02-23T09:15:00+00:00,In,0.03711,0.03679,0.0374,4611,172.4514,0.3449,3276.70849,32209,4481.325091199998
2018-02-23T09:45:00+00:00,In,0.03738,0.03707,0.0376,4357,163.8232,0.3276,3112.55764,36566,4487.439244799998
2018-02-23T09:51:00+00:00,In,0.0375,0.03716,0.038,4095,155.61,0.3112,2956.63642,40661,4501.754424799998
2018-02-23T09:57:00+00:00,In,0.0377,0.03726,0.0383,3859,147.7997,0.2956,2808.54113,44520,4513.657125399997
2018-02-23T10:09:00+00:00,In,0.03796,0.03743,0.0382,3676,140.4232,0.2808,2667.83708,48196,4508.924278999997
2018-02-23T10:27:00+00:00,Out,0.03799,0.03764,0.0375,48196,1807.35,3.6147,4471.57238,0,4471.572378999997
2018-02-23T11:45:00+00:00,In,0.03755,0.03748,0.0378,11829,447.1362,0.8943,4023.54191,11829,4470.678106599998
2018-02-23T11:51:00+00:00,In,0.03765,0.03748,0.0379,5308,201.1732,0.4023,3821.96636,17137,4471.458660199998
2018-02-23T11:57:00+00:00,In,0.03771,0.03749,0.0379,5042,191.0918,0.3822,3630.49238,22179,4471.0764765999975
2018-02-23T12:03:00+00:00,In,0.0378,0.03752,0.0382,4751,181.4882,0.363,3448.6412,26930,4477.367200199998
2018-02-23T12:39:00+00:00,Out,0.0377,0.03769,0.0375,26930,1009.875,2.0198,4456.49645,0,4456.4964501999975
2018-02-23T14:09:00+00:00,In,0.03791,0.03789,0.0384,11605,445.632,0.8913,4009.97319,11605,4455.605186199998
2018-02-23T14:15:00+00:00,In,0.03803,0.03795,0.0385,5207,200.4695,0.4009,3809.10275,16812,4456.3647471999975
2018-02-23T14:21:00+00:00,In,0.03814,0.03801,0.0386,4934,190.4524,0.3809,3618.26944,21746,4457.665042399998
2018-02-23T14:33:00+00:00,In,0.03836,0.03807,0.0387,4674,180.8838,0.3618,3437.02387,26420,4459.477874799998
2018-02-23T14:51:00+00:00,Out,0.03839,0.03814,0.0378,26420,998.676,1.9974,4433.70252,0,4433.702522799998
2018-02-23T17:57:00+00:00,In,0.03667,0.03664,0.0369,12015,443.3535,0.8867,3989.46232,12015,4432.815815799999
2018-02-23T18:09:00+00:00,In,0.03682,0.0367,0.0372,5362,199.4664,0.3989,3789.59698,17377,4436.021382999998
2018-02-23T18:15:00+00:00,In,0.03691,0.03676,0.0373,5079,189.4467,0.3789,3599.77139,22456,4437.380189599999
2018-02-23T18:21:00+00:00,In,0.03699,0.0368,0.0372,4838,179.9736,0.3599,3419.43784,27294,4434.774642399999
2018-02-23T18:51:00+00:00,Out,0.0371,0.03692,0.0369,27294,1007.1486,2.0143,4424.57215,0,4424.572145199999
2018-02-23T22:45:00+00:00,In,0.03648,0.03635,0.0367,12056,442.4552,0.8849,3981.23203,12056,4423.687234799999
2018-02-23T22:51:00+00:00,In,0.03659,0.03638,0.0369,5394,199.0386,0.3981,3781.79536,17450,4425.700357599999
2018-02-23T22:57:00+00:00,In,0.0367,0.03642,0.0372,5083,189.0876,0.3782,3592.32958,22533,4430.557182399999
2018-02-23T23:03:00+00:00,In,0.03679,0.03646,0.037,4854,179.598,0.3592,3412.37239,27387,4425.6913864
2018-02-23T23:09:00+00:00,In,0.03692,0.03652,0.0373,4574,170.6102,0.3412,3241.42097,31961,4433.566265999999
2018-02-23T23:15:00+00:00,In,0.03704,0.03659,0.0374,4333,162.0542,0.3241,3079.04266,36294,4436.438257599999
2018-02-23T23:27:00+00:00,In,0.03721,0.03672,0.0375,4105,153.9375,0.3079,2924.79728,40399,4439.759782599999
2018-02-24T00:03:00+00:00,Out,0.03731,0.03712,0.037,40399,1494.763,2.9895,4416.57076,0,4416.570756599999
2018-02-24T00:15:00+00:00,In,0.03726,0.03721,0.0375,11777,441.6375,0.8833,3974.04998,11777,4415.687481599999
2018-02-24T00:21:00+00:00,In,0.03731,0.03727,0.0376,5284,198.6784,0.3974,3774.97422,17061,4416.467824799999
2018-02-24T00:27:00+00:00,In,0.03736,0.03731,0.0377,5006,188.7262,0.3775,3585.87057,22067,4417.796472399999
2018-02-24T00:33:00+00:00,In,0.03746,0.03736,0.0378,4743,179.2854,0.3586,3406.2266,26810,4419.644601599999
2018-02-24T00:39:00+00:00,In,0.03762,0.03742,0.0382,4458,170.2956,0.3406,3235.59041,31268,4430.028010399999
2018-02-24T00:45:00+00:00,In,0.03781,0.03748,0.0382,4235,161.777,0.3236,3073.48986,35503,4429.704456399999
2018-02-24T01:33:00+00:00,In,0.038,0.03783,0.0382,4022,153.6404,0.3073,2919.54218,39525,4429.397175599999
2018-02-24T02:03:00+00:00,In,0.03818,0.03808,0.0386,3781,145.9466,0.2919,2773.30368,43306,4444.915282399999
2018-02-24T02:09:00+00:00,In,0.03833,0.03815,0.0392,3537,138.6504,0.2773,2634.37598,46843,4470.621581599999
2018-02-24T02:15:00+00:00,In,0.03848,0.03819,0.0388,3394,131.6872,0.2634,2502.42541,50237,4451.621007199999
2018-02-24T02:21:00+00:00,In,0.0386,0.03823,0.0388,3224,125.0912,0.2502,2377.08402,53461,4451.370824799999
2018-02-24T03:03:00+00:00,Out,0.03868,0.03855,0.0383,53461,2047.5563,4.0951,4420.54521,0,4420.5452122
2018-02-24T04:09:00+00:00,In,0.03848,0.03835,0.039,11334,442.026,0.8841,3977.63516,11334,4419.661160199999
2018-02-24T04:57:00+00:00,Out,0.03859,0.03849,0.0384,11334,435.2256,0.8705,4411.99031,0,4411.990309
2018-02-24T06:09:00+00:00,In,0.03848,0.0384,0.0388,11371,441.1948,0.8824,3969.91312,11371,4411.107919399999
2018-02-24T06:27:00+00:00,Out,0.03861,0.03841,0.0384,11371,436.6464,0.8733,4405.68623,0,4405.6862266
